{
  "block.sculk_sensor.clicking": [],
  "block.sculk_sensor.clicking_stop": [],
  "block.sculk_sensor.listen": [],
  "block.sculk_sensor.tendril_clicking": [],
  "block.sculk_sensor.ambient": [],
  "block.sculk_sensor.break": [],
  "block.sculk_sensor.step": [],
  "block.sculk_sensor.place": [],
  "block.sculk_sensor.hit": [],
  "block.sculk_sensor.fall": [],

  "block.sculk_shrieker.shriek": [],
  "block.sculk_shrieker.ambient": [],
  "block.sculk_shrieker.break": [],
  "block.sculk_shrieker.step": [],
  "block.sculk_shrieker.place": [],
  "block.sculk_shrieker.hit": [],
  "block.sculk_shrieker.fall": []
}