{
  "block.sculk_sensor.clicking": { "sounds": [ "minecraft:silence" ] },
  "block.sculk_sensor.clicking_stop": { "sounds": [ "minecraft:silence" ] },
  "block.sculk_sensor.listen": { "sounds": [ "minecraft:silence" ] },
  "block.sculk_sensor.tendril_clicking": { "sounds": [ "minecraft:silence" ] },
  "block.sculk_sensor.ambient": { "sounds": [ "minecraft:silence" ] },
  "block.sculk_sensor.break": { "sounds": [ "minecraft:silence" ] },
  "block.sculk_sensor.step": { "sounds": [ "minecraft:silence" ] },
  "block.sculk_sensor.place": { "sounds": [ "minecraft:silence" ] },
  "block.sculk_sensor.hit": { "sounds": [ "minecraft:silence" ] },
  "block.sculk_sensor.fall": { "sounds": [ "minecraft:silence" ] },

  "block.sculk_shrieker.shriek": { "sounds": [ "minecraft:silence" ] },
  "block.sculk_shrieker.ambient": { "sounds": [ "minecraft:silence" ] },
  "block.sculk_shrieker.break": { "sounds": [ "minecraft:silence" ] },
  "block.sculk_shrieker.step": { "sounds": [ "minecraft:silence" ] },
  "block.sculk_shrieker.place": { "sounds": [ "minecraft:silence" ] },
  "block.sculk_shrieker.hit": { "sounds": [ "minecraft:silence" ] },
  "block.sculk_shrieker.fall": { "sounds": [ "minecraft:silence" ] }
}